{
  "parent": "item/generated",
  "textures": {
    "layer0": "item/blaze_rod"
  },

  "overrides": [
    {"predicate":    {"custom_model_data":1}, "model": "item/weapon/1/bow/1"},
    {"predicate": {"custom_model_data":3001}, "model": "item/weapon/2/bow/1"},
    {"predicate": {"custom_model_data":6001}, "model": "item/weapon/3/bow/1"},

    {"predicate": {"custom_model_data":10001}, "model": "item/weapon/1/one_handed_crossbow/1"},
    {"predicate": {"custom_model_data":13001}, "model": "item/weapon/2/one_handed_crossbow/1"},
    {"predicate": {"custom_model_data":16001}, "model": "item/weapon/3/one_handed_crossbow/1"},

    {"predicate": {"custom_model_data":20001}, "model": "item/weapon/1/two_handed_crossbow/1"},
    {"predicate": {"custom_model_data":23001}, "model": "item/weapon/2/two_handed_crossbow/1"},
    {"predicate": {"custom_model_data":26001}, "model": "item/weapon/3/two_handed_crossbow/1"},

    {"predicate": {"custom_model_data":30001}, "model": "item/weapon/1/knives/1"},
    {"predicate": {"custom_model_data":33001}, "model": "item/weapon/2/knives/1"},
    {"predicate": {"custom_model_data":36001}, "model": "item/weapon/3/knives/1"},

    {"predicate": {"custom_model_data":100000}, "model": "item/bow"}
  ]
}