{
  "parent": "item/generated",
  "textures": {
    "layer0": "item/feather"
  },

  "overrides": [
    {"predicate":    {"custom_model_data":1}, "model": "item/weapon/1/wand/1"},
    {"predicate": {"custom_model_data":3001}, "model": "item/weapon/2/wand/1"},
    {"predicate": {"custom_model_data":6001}, "model": "item/weapon/3/wand/1"},

    {"predicate": {"custom_model_data":10001}, "model": "item/weapon/1/staff/1"},
    {"predicate": {"custom_model_data":13001}, "model": "item/weapon/2/staff/1"},
    {"predicate": {"custom_model_data":16001}, "model": "item/weapon/3/staff/1"},

    {"predicate": {"custom_model_data":100000}, "model": "item/stick"}
  ]
}