{
  "parent": "item/generated",
  "textures": {
    "layer0": "item/flint"
  },

  "overrides": [
    {"predicate":    {"custom_model_data":1}, "model": "item/weapon/1/two_handed_sword/1"},
    {"predicate": {"custom_model_data":3001}, "model": "item/weapon/2/two_handed_sword/1"},
    {"predicate": {"custom_model_data":6001}, "model": "item/weapon/3/two_handed_sword/1"},

    {"predicate": {"custom_model_data":10001}, "model": "item/weapon/1/two_handed_axe/1"},
    {"predicate": {"custom_model_data":13001}, "model": "item/weapon/2/two_handed_axe/1"},
    {"predicate": {"custom_model_data":16001}, "model": "item/weapon/3/two_handed_axe/1"},

    {"predicate": {"custom_model_data":20001}, "model": "item/weapon/1/two_handed_hammer/1"},
    {"predicate": {"custom_model_data":23001}, "model": "item/weapon/2/two_handed_hammer/1"},
    {"predicate": {"custom_model_data":26001}, "model": "item/weapon/3/two_handed_hammer/1"},

    {"predicate": {"custom_model_data":30001}, "model": "item/weapon/1/scythe/1"},
    {"predicate": {"custom_model_data":33001}, "model": "item/weapon/2/scythe/1"},
    {"predicate": {"custom_model_data":36001}, "model": "item/weapon/3/scythe/1"},

    {"predicate": {"custom_model_data":40001}, "model": "item/weapon/1/lance/1"},
    {"predicate": {"custom_model_data":43001}, "model": "item/weapon/2/lance/1"},
    {"predicate": {"custom_model_data":46001}, "model": "item/weapon/3/lance/1"},

    {"predicate": {"custom_model_data":100000}, "model": "item/diamond_sword"}
  ]
}