{
  "parent": "item/generated",
  "textures": {
    "layer0": "item/stick"
  },

  "overrides": [
    {"predicate":    {"custom_model_data":1}, "model": "item/weapon/1/one_handed_sword/1"},
    {"predicate":    {"custom_model_data":2}, "model": "item/weapon/1/one_handed_sword/2"},
    {"predicate": {"custom_model_data":3001}, "model": "item/weapon/2/one_handed_sword/1"},
    {"predicate": {"custom_model_data":6001}, "model": "item/weapon/3/one_handed_sword/1"},

    {"predicate": {"custom_model_data":10001}, "model": "item/iron_axe"},
    {"predicate": {"custom_model_data":10002}, "model": "item/iron_axe"},
    {"predicate": {"custom_model_data":13001}, "model": "item/weapon/2/one_handed_axe/1"},
    {"predicate": {"custom_model_data":16001}, "model": "item/weapon/3/one_handed_axe/1"},

    {"predicate": {"custom_model_data":20001}, "model": "item/weapon/1/one_handed_hammer/1"},
    {"predicate": {"custom_model_data":23001}, "model": "item/weapon/2/one_handed_hammer/1"},
    {"predicate": {"custom_model_data":26001}, "model": "item/weapon/3/one_handed_hammer/1"},

    {"predicate": {"custom_model_data":30001}, "model": "item/weapon/1/dagger/1"},
    {"predicate": {"custom_model_data":33001}, "model": "item/weapon/2/dagger/1"},
    {"predicate": {"custom_model_data":36001}, "model": "item/weapon/3/dagger/1"},

    {"predicate": {"custom_model_data":40001}, "model": "item/weapon/1/rapier/1"},
    {"predicate": {"custom_model_data":43001}, "model": "item/weapon/2/rapier/1"},
    {"predicate": {"custom_model_data":46001}, "model": "item/weapon/3/rapier/1"},

    {"predicate": {"custom_model_data":50001}, "model": "item/weapon/1/cestus/1"},
    {"predicate": {"custom_model_data":53001}, "model": "item/weapon/2/cestus/1"},
    {"predicate": {"custom_model_data":56001}, "model": "item/weapon/3/cestus/1"},

    {"predicate": {"custom_model_data":100000}, "model": "item/diamond_sword"}
  ]
}