{
  "ambientocclusion": false,
  "textures": {
    "texture": "item/weapon/1/cestus/1"
  },
  "display": {
    "firstperson_righthand": {
      "rotation": [ -70, 180, -10 ],
      "translation": [ 0, -3, 0 ],
      "scale": [ 1, 1, 1 ]
    },
    "thirdperson_righthand": {
      "rotation": [ -90, 180, 0 ],
      "translation": [ 0, -5, -0.5 ],
      "scale": [ 0.8, 0.8, 0.8 ]
    },
    "gui": {
      "rotation": [ 0, 0, -45 ],
      "translation": [ 0, 0, 0 ],
      "scale": [ 1.2, 1.2, 1.2 ]
    },
    "ground": {
      "rotation": [ 0, 0, 0 ],
      "translation": [ 0, 4, 0 ],
      "scale": [ 0.5, 0.5, 0.5 ]
    }
  },
  "elements": [
    {
      "from": [6,5,4],
      "to": [10,7,6],
      "faces": {
        "up": {
          "uv": [8,14,4,16],
          "texture": "#texture"
        },
        "down": {
          "uv": [8,14,4,16],
          "texture": "#texture"
        },
        "north": {
          "uv": [4,14,8,16],
          "texture": "#texture"
        },
        "south": {
          "uv": [8,14,4,16],
          "texture": "#texture"
        }
      }
    },
    {
      "from": [6,0,1],
      "to": [10,1,3],
      "faces": {
        "down": {
          "uv": [10,14,14,16],
          "texture": "#texture"
        },
        "west": {
          "texture": "#texture"
        },
        "east": {
          "uv": [3,15,1,16],
          "texture": "#texture"
        },
        "north": {
          "uv": [10,15,14,16],
          "texture": "#texture"
        },
        "south": {
          "uv": [10,15,14,16],
          "texture": "#texture"
        }
      }
    },
    {
      "from": [5,1,1],
      "to": [11,7,3],
      "faces": {
        "up": {
          "uv": [9,11,15,13],
          "texture": "#texture"
        },
        "down": {
          "uv": [9,13,15,15],
          "texture": "#texture"
        },
        "west": {
          "texture": "#texture"
        },
        "east": {
          "uv": [3,9,1,15],
          "texture": "#texture"
        },
        "north": {
          "uv": [9,9,15,15],
          "texture": "#texture"
        },
        "south": {
          "uv": [9,13,15,15],
          "texture": "#texture"
        }
      }
    },
    {
      "from": [6,1,0],
      "to": [10,7,1],
      "faces": {
        "up": {
          "uv": [14,10,10,11],
          "texture": "#texture"
        },
        "down": {
          "uv": [10,14,14,15],
          "texture": "#texture"
        },
        "west": {
          "texture": "#texture"
        },
        "east": {
          "uv": [1,9,0,15],
          "texture": "#texture"
        },
        "north": {
          "uv": [10,9,14,15],
          "texture": "#texture"
        }
      }
    },
    {
      "from": [7,5,-1],
      "to": [9,7,0],
      "faces": {
        "up": {
          "uv": [13,9,11,10],
          "texture": "#texture"
        },
        "down": {
          "uv": [13,10,11,11],
          "texture": "#texture"
        },
        "west": {
          "uv": [12,9,13,11],
          "texture": "#texture"
        },
        "east": {
          "uv": [11,9,12,11],
          "texture": "#texture"
        },
        "north": {
          "uv": [11,9,13,11],
          "texture": "#texture"
        }
      }
    },
    {
      "from": [10,5,3],
      "to": [11,7,6],
      "faces": {
        "up": {
          "uv": [9,13,10,10],
          "texture": "#texture"
        },
        "down": {
          "uv": [9,10,10,13],
          "texture": "#texture"
        },
        "west": {
          "uv": [3,11,6,13],
          "texture": "#texture"
        },
        "east": {
          "uv": [6,11,3,13],
          "texture": "#texture"
        },
        "south": {
          "uv": [5,11,6,13],
          "texture": "#texture"
        }
      }
    },
    {
      "from": [5,5,3],
      "to": [6,7,6],
      "faces": {
        "up": {
          "uv": [9,13,10,10],
          "texture": "#texture"
        },
        "down": {
          "uv": [9,10,10,13],
          "texture": "#texture"
        },
        "west": {
          "uv": [3,11,6,13],
          "texture": "#texture"
        },
        "east": {
          "uv": [6,11,3,13],
          "texture": "#texture"
        },
        "south": {
          "uv": [5,11,6,13],
          "texture": "#texture"
        }
      }
    },
    {
      "from": [5,14,3],
      "to": [6,15,5],
      "faces": {
        "up": {
          "uv": [10,0,11,2],
          "texture": "#texture"
        },
        "down": {
          "uv": [10,0,11,2],
          "texture": "#texture"
        },
        "west": {
          "uv": [3,0,5,1],
          "texture": "#texture"
        },
        "east": {
          "uv": [5,0,3,1],
          "texture": "#texture"
        },
        "north": {
          "uv": [13,0,14,1],
          "texture": "#texture"
        },
        "south": {
          "uv": [10,0,11,1],
          "texture": "#texture"
        }
      }
    },
    {
      "from": [5,11,2],
      "to": [6,14,4],
      "faces": {
        "up": {
          "uv": [10,0,11,2],
          "texture": "#texture"
        },
        "down": {
          "uv": [10,4,11,6],
          "texture": "#texture"
        },
        "west": {
          "uv": [2,1,4,4],
          "texture": "#texture"
        },
        "east": {
          "uv": [4,1,2,4],
          "texture": "#texture"
        },
        "north": {
          "uv": [13,1,14,4],
          "texture": "#texture"
        },
        "south": {
          "uv": [10,1,11,4],
          "texture": "#texture"
        }
      }
    },
    {
      "from": [5,10,1],
      "to": [6,12,3],
      "faces": {
        "up": {
          "uv": [10,3,11,5],
          "texture": "#texture"
        },
        "west": {
          "uv": [1,3,3,5],
          "texture": "#texture"
        },
        "east": {
          "uv": [3,3,1,5],
          "texture": "#texture"
        },
        "north": {
          "uv": [13,3,14,5],
          "texture": "#texture"
        },
        "south": {
          "uv": [10,3,11,5],
          "texture": "#texture"
        }
      }
    },
    {
      "from": [5,7,1],
      "to": [6,10,3],
      "faces": {
        "up": {
          "uv": [1,3,3,5],
          "texture": "#texture"
        },
        "west": {
          "uv": [10,5,11,8],
          "texture": "#texture"
        },
        "east": {
          "uv": [14,5,13,8],
          "texture": "#texture"
        },
        "north": {
          "uv": [13,5,14,8],
          "texture": "#texture"
        },
        "south": {
          "uv": [10,5,11,8],
          "texture": "#texture"
        }
      }
    },
    {
      "from": [10,14,3],
      "to": [11,15,5],
      "faces": {
        "up": {
          "uv": [10,0,11,2],
          "texture": "#texture"
        },
        "down": {
          "uv": [10,0,11,2],
          "texture": "#texture"
        },
        "west": {
          "uv": [3,0,5,1],
          "texture": "#texture"
        },
        "east": {
          "uv": [5,0,3,1],
          "texture": "#texture"
        },
        "north": {
          "uv": [10,0,11,1],
          "texture": "#texture"
        },
        "south": {
          "uv": [13,0,14,1],
          "texture": "#texture"
        }
      }
    },
    {
      "from": [10,11,2],
      "to": [11,14,4],
      "faces": {
        "up": {
          "texture": "#texture"
        },
        "down": {
          "uv": [10,4,11,6],
          "texture": "#texture"
        },
        "west": {
          "uv": [2,1,4,4],
          "texture": "#texture"
        },
        "east": {
          "uv": [4,1,2,4],
          "texture": "#texture"
        },
        "north": {
          "uv": [10,1,11,4],
          "texture": "#texture"
        },
        "south": {
          "uv": [13,1,14,4],
          "texture": "#texture"
        }
      }
    },
    {
      "from": [10,10,1],
      "to": [11,12,3],
      "faces": {
        "up": {
          "uv": [10,2,11,4],
          "texture": "#texture"
        },
        "west": {
          "uv": [1,3,3,5],
          "texture": "#texture"
        },
        "east": {
          "uv": [3,3,1,5],
          "texture": "#texture"
        },
        "north": {
          "uv": [10,3,11,5],
          "texture": "#texture"
        },
        "south": {
          "uv": [10,3,11,5],
          "texture": "#texture"
        }
      }
    },
    {
      "from": [10,7,1],
      "to": [11,10,3],
      "faces": {
        "up": {
          "uv": [1,3,3,5],
          "texture": "#texture"
        },
        "west": {
          "uv": [10,5,11,8],
          "texture": "#texture"
        },
        "east": {
          "uv": [14,5,13,8],
          "texture": "#texture"
        },
        "north": {
          "uv": [10,5,11,8],
          "texture": "#texture"
        },
        "south": {
          "uv": [13,5,14,8],
          "texture": "#texture"
        }
      }
    },
    {
      "from": [6,7,1],
      "to": [10,8,3],
      "faces": {
        "up": {
          "uv": [10,8,14,9],
          "texture": "#texture"
        },
        "west": {
          "uv": [12,8,14,9],
          "texture": "#texture"
        },
        "east": {
          "uv": [10,8,12,9],
          "texture": "#texture"
        },
        "north": {
          "uv": [10,8,14,9],
          "texture": "#texture"
        },
        "south": {
          "uv": [10,8,14,9],
          "texture": "#texture"
        }
      }
    },
    {
      "from": [7.5,8,1],
      "to": [8.5,11,3],
      "faces": {
        "up": {
          "uv": [1,3,3,5],
          "texture": "#texture"
        },
        "west": {
          "uv": [10,5,11,8],
          "texture": "#texture"
        },
        "east": {
          "uv": [14,5,13,8],
          "texture": "#texture"
        },
        "north": {
          "uv": [10,5,11,8],
          "texture": "#texture"
        },
        "south": {
          "uv": [13,5,14,8],
          "texture": "#texture"
        }
      }
    },
    {
      "from": [7.5,11,1],
      "to": [8.5,13,3],
      "faces": {
        "up": {
          "uv": [10,2,11,4],
          "texture": "#texture"
        },
        "west": {
          "texture": "#texture"
        },
        "east": {
          "uv": [3,3,1,5],
          "texture": "#texture"
        },
        "north": {
          "uv": [10,3,11,5],
          "texture": "#texture"
        },
        "south": {
          "uv": [10,3,11,5],
          "texture": "#texture"
        }
      }
    },
    {
      "from": [7.5,12,2],
      "to": [8.5,15,4],
      "faces": {
        "up": {
          "uv": [10,2,11,4],
          "texture": "#texture"
        },
        "down": {
          "uv": [10,4,11,6],
          "texture": "#texture"
        },
        "west": {
          "texture": "#texture"
        },
        "east": {
          "uv": [4,1,2,4],
          "texture": "#texture"
        },
        "north": {
          "uv": [10,1,11,4],
          "texture": "#texture"
        },
        "south": {
          "uv": [13,1,14,4],
          "texture": "#texture"
        }
      }
    },
    {
      "from": [7.5,15,3],
      "to": [8.5,16,5],
      "faces": {
        "up": {
          "uv": [10,0,11,2],
          "texture": "#texture"
        },
        "down": {
          "uv": [10,0,11,2],
          "texture": "#texture"
        },
        "west": {
          "texture": "#texture"
        },
        "east": {
          "uv": [5,0,3,1],
          "texture": "#texture"
        },
        "north": {
          "uv": [10,0,11,1],
          "texture": "#texture"
        },
        "south": {
          "uv": [13,0,14,1],
          "texture": "#texture"
        }
      }
    }
  ]
}